{
    "title" :"Quiz 01",
    "code":"quiz code",
    "isOpen":true,
    "questions":[
        {
            "title":"question no 01",
            "optionType":"check",
            "options":[
                {
                    "text":"option 01",
                    "isCorrect":true
                },
                {
                    "text":"option 02",
                    "isCorrect":false
                },
                {
                    "text":"option 03",
                    "isCorrect":true
                },
                {
                    "text":"option 04",
                    "isCorrect":false
                }
            ]
        },
        {
            "title":"question no 02",
            "optionType":"radio",
            "options":[
                {
                    "text":"option 01",
                    "isCorrect":true
                },
                {
                    "text":"option 02",
                    "isCorrect":false
                },
                {
                    "text":"option 03",
                    "isCorrect":false
                },
                {
                    "text":"option 04",
                    "isCorrect":false
                }
            ]
        },{
            "title":"question no 03",
            "optionType":"check",
            "options":[
                {
                    "text":"option 01",
                    "isCorrect":true
                },
                {
                    "text":"option 02",
                    "isCorrect":false
                },
                {
                    "text":"option 03",
                    "isCorrect":true
                },
                {
                    "text":"option 04",
                    "isCorrect":false
                }
            ]
        }
    ]
}